{
    "wrp_network_VAISW": {
        "layer": {
            "params": {
                "type": "CALL_SNAPSHOT",
                "snapshot_dump_config": {
                    "_file_": { "path": "wrp_network_VAISW/snapshot.dump.config", "mode": "bin" }
                },
                "snapshot_dump_uploadInfos": {
                    "_file_": { "path": "wrp_network_VAISW/snapshot.dump.uploadInfos", "mode": "utf8" }
                },
                "snapshot_dump_downloadInfos": {
                    "_file_": { "path": "wrp_network_VAISW/snapshot.dump.downloadInfos", "mode": "utf8" }
                },
                "snapshot_dump_ddr": { "_file_": { "path": "wrp_network_VAISW/snapshot.dump.ddr", "mode": "utf8" } },
                "constants": { },
                "batch_size": 19,
                "output_translate": { "198_quantized": "198", "fc_Gemm": "198" }
            },
            "execution_order": 0
        },
        "execution": {
            "device": "ON_LOGIC",
            "input_type": "FLOAT32",
            "output_type": "FLOAT32",
            "device_reason": [ "snapshot creation" ],
            "device_reason_tag": "OK"
        },
        "inputs": [ "input.1" ],
        "outputs": [ "198" ]
    },
    "198": { "params": { "type": "FLOAT32", "shape": [ 19, 15 ] } },
    "input.1": { "params": { "shape": [ 19, 3, 224, 224 ], "type": "float32" } }
}